input_ids,attention_mask
"[   27    82 36937 38604    60  5525   106    94   163   106   245   162
   105   100 28156   237 40367   233   162   114   101 17312   253 30266
   225 20015   115 43718   120   311    28  3064   509    28  3865   309
    28    16   374    28    15    13  3023   264 13495    28    15    13
    17 46581 38604    60   220 20015   115 43718   120    28  1485    13
  3388  2624  7359    82]","[1 1 1 1 1 1 1 1 1 1 1 1 1 1 1 1 1 1 1 1 1 1 1 1 1 1 1 1 1 1 1 1 1 1 1 1 1
 1 1 1 1 1 1 1 1 1 1 1 1 1 1 1 1 1 1 1 1 1 1 1 1 1 1 1]"
"[   27    82 36937 38604    60  5525   106    94   163   106   245 33906
    49 10263   251   229   161   222   120    28    15    13   405  1065
 10545   254   229 49035   228 32432   106    28    15    13  2999 10545
   234   223 20015   241    28  3064 10310   229 46581 38604    60 17668
    49    28    19 33698  7359    82    29 50256 50256 50256 50256 50256
 50256 50256 50256 50256]","[1 1 1 1 1 1 1 1 1 1 1 1 1 1 1 1 1 1 1 1 1 1 1 1 1 1 1 1 1 1 1 1 1 1 1 1 1
 1 1 1 1 1 1 1 1 1 1 1 1 1 1 1 1 1 1 0 0 0 0 0 0 0 0 0]"
"[   27    82 36937 38604    60  5525   106    94   163   106   245 27670
   223 10310   248 32573   251   163   118    99   162    99   224   163
   236   229  5525   113   226 12859   100   164   112   253   161   222
   118   163   236   229    28    15    13  2425 10545   113   223 27950
   101   162   107   242   163   236   229    28    16    13    16 10263
   229   222 26344   102]","[1 1 1 1 1 1 1 1 1 1 1 1 1 1 1 1 1 1 1 1 1 1 1 1 1 1 1 1 1 1 1 1 1 1 1 1 1
 1 1 1 1 1 1 1 1 1 1 1 1 1 1 1 1 1 1 1 1 1 1 1 1 1 1 1]"
"[   27    82 36937 38604    60  5525   106    94   163   106   245 10310
   103 21689 46479    94 18796   101 46237   226 26344   228 16268   222
   122 17312   253   162   105    94 46763   108    28    17   220 46479
    94   164   112   115 26344   102 18796   101   163   236   229    28
    15    13    21   220 46479    94 18796   101 33176   112   165   247
   238    28    23 33176]","[1 1 1 1 1 1 1 1 1 1 1 1 1 1 1 1 1 1 1 1 1 1 1 1 1 1 1 1 1 1 1 1 1 1 1 1 1
 1 1 1 1 1 1 1 1 1 1 1 1 1 1 1 1 1 1 1 1 1 1 1 1 1 1 1]"
